<breakfast_menu>
	<food price = "$5.95">
		<name>Belgi"an</name>
		<description>
			Two of our famous Belgian Waffles with plenty of real maple syrup
		</description>
		<calories>650</calories>
	</food>
	<food price = "$7.95">
		<name>waff</name>
		<description>Light Belgian waffles covered with strawberries and whipped cream</description>
		<calories>900</calories>
	</food>
	<food price = "$8.95">
		<name>Berry-Berry Belgian Waffles<subname>subname</subname>pizza</name>
		<description>
			Light Belgian waffles covered with an assortment of fresh berries and whipped cream
		</description>
		<calories>900</calories>
	</food>
	<food price = "$4.50">
		<name>French Toast</name>
		<description>
			Thick slices made from our homemade sourdough bread
		</description>
		<calories>600</calories>
	</food>
	<food price = "$6.95">
		<name>Homestyle Breakfast</name>
		<description>
			Two eggs, bacon or sausage, toast, and our ever-popular hash browns
		</description>
		<calories>950</calories>
	</food>
</breakfast_menu>